Rank,Club,Country,YOB,Gender
1,the North Face  ,ESP ,1991,M
2,Asics  ,FRA ,1988,M
3,Team Vibram  ,NZL ,1987,M
4,Salomon  ,GBR ,1981,M
5,Scott Running  ,GBR ,1981,M
6,WAA Team  ,ECU ,1992,M
6,the North Face Adventu...  ,HKG ,1987,M
8,Answer4  ,JPN ,1982,M
9,Team Vibram  ,ESP ,1974,M
9,Team on Running  ,FRA ,1990,M
11,Hoka ONE ONE  ,CHN ,1992,M
12,Team Provence Endurance  ,FRA ,1988,M
13,Tarbes Pyrenees Athlet...  ,FRA ,1989,M
14,Nonstop Minimalist Run...  ,ESP ,1988,M
15,Hoka ONE ONE  ,GBR ,1989,M
16,Vert  ,VEN ,1990,M
17,Compressport/Altra Run...  ,GER ,1985,M
18,Meribel Sports Montagne  ,FRA ,1983,M
19,Altra Footwear  ,USA ,1978,M
20,ACD Jardim da Serra/ T...  ,POR ,1976,M
21,Salomon  ,USA ,1985,F
22,Team Garmin Adventure  ,FRA ,1968,M
23,Team Instinct Trail  ,FRA ,1978,M
24,Compressport Internati...  ,GBR ,1977,M
25,Cdetm Pedrezuela  ,ESP ,1978,M
26,66 North  ,ISL ,1982,M
27,on Running  ,FRA ,1985,M
28,Team Trail Bretagne  ,FRA ,1973,M
29,Salomon Running Team A...  ,SWE ,1984,F
30,Aviron Bayonnais  ,FRA ,1982,M
31,Columbia  ,CHN ,1987,M
32,Team Bestioles  ,FRA ,1992,M
32,Tete D'Or Runners / Le...  ,FRA ,1984,M
34,Lizarpe MK  ,ESP ,1980,F
35,Team Garmin  ,FRA ,1979,M
36,Alhama Coym  ,ESP ,1976,M
37,Adidas Terrex  ,RUS ,1989,F
38,Prozis Athlete  ,ESP ,1969,M
39,Team Endurance Shop 13  ,FRA ,1980,M
40,Trailers Verbier St Be...  ,SUI ,1972,M
41,the North Face  ,IRL ,1987,M
42,Salomon Suunto Team Po...  ,POL ,1975,M
43,Durango  ,USA ,1986,M
44,Budapest  ,HUN ,1982,M
45,Salomon UK  ,GBR ,1987,F
45,Taillefer Trail Team  ,FRA ,1989,M
47,the North Face Adventu...  ,THA ,1985,M
48,Columbia  ,ARG ,1984,M
49,Sakaiya  ,JPN ,1979,M
50,UA Societe Generale  ,FRA ,1984,M
51,Funtrails  ,JPN ,1979,M
52,Columbia  ,IRL ,1968,M
53,Footing Vallee de Joux  ,POR ,1985,M
54,AIX Athle Provence  ,FRA ,1983,M
55,Hoka ONE One/Cts Athlete  ,USA ,1973,M
56,Team on Running  ,USA ,1992,F
57,Team New Balance  ,FRA ,1983,M
58,Ceramiq  ,FRA ,1985,M
59,Heiden  ,GER ,1977,M
60,Remy  ,FRA ,1980,M
61,Les Deux Alpes  ,FRA ,1991,M
62,Columbia Montrail  ,ARG ,1979,M
63,Ture  ,UKR ,1970,M
64,Hoka ONE ONE  ,USA ,1988,M
65,Gava Mar  ,POR ,1973,M
66,Altra  ,USA ,1985,M
67,Touquet Trail Nature  ,FRA ,1984,F
68,the North Face  ,USA ,1984,F
69,Barcelona  ,USA ,1983,M
70,Rosario Central  ,ARG ,1975,M
71,Hoka ONE ONE  ,HUN ,1965,F
72,Vhtrc  ,USA ,1983,M
73,Le Val  ,FRA ,1985,M
74,Amcf-Arrabida Trail Team  ,POR ,1977,M
75,Tordera  ,ESP ,1987,M
76,Denivele Plus Saverne  ,FRA ,1986,M
77,Cmbm  ,FRA ,1976,F
78,Yellow City Bastards  ,BEL ,1978,M
79,Team Flowers  ,ESP ,1982,M
80,CSM Odorheiu Secuiesc ...  ,ROU ,1983,M
81,Cmbm  ,SUI ,1978,M
82,Red Deer County  ,CAN ,1972,M
83,探路者toread  ,CHN ,1991,F
84,Saint-Maurice  ,SUI ,1991,M
85,TSV 1886 Kandel  ,GER ,1969,M
86,3Mountain Network  ,GER ,1976,M
87,Plezalni Klub Martinček  ,SLO ,1976,M
88,London  ,GBR ,1984,M
89,探路者toread  ,CHN ,1990,M
90,Ansilta  ,ARG ,1985,M
91,Sport City  ,MEX ,1979,M
92,Acpa  ,FRA ,1978,M
93,Team Vibram  ,CHN ,1984,M
94,Inov-8 | Brixental Con...  ,GER ,1987,M
95,Metz-Tessy  ,FRA ,1986,M
96,Osaka  ,JPN ,1981,M
97,Reigate  ,GBR ,1982,M
98,坚驰  ,CHN ,1973,M
99,Villeparisis  ,FRA ,1984,M
100,Tokushima  ,JPN ,1974,M
101,Jozefoslaw  ,POL ,1976,M
102,Paris  ,FRA ,1972,M
103,66°North  ,ISL ,1985,F
104,Ultra X RC  ,GBR ,1992,M
105,Rrun Lyon - TOR  ,FRA ,1984,M
106,UA Societe Generale  ,FRA ,1975,M
107,Lugo  ,ESP ,1987,M
108,Adidas Infinite Trails  ,USA ,1994,M
109,Overstim.S Asia!  ,FRA ,1979,M
110,Lavrica  ,SLO ,1977,M
111,Salomon-Suunto Trail T...  ,FIN ,1974,F
111,Sommacampagna  ,ITA ,1990,F
113,Fulham Running Club  ,GBR ,1972,M
114,Todovertical+  ,ESP ,1970,M
115,Montréal  ,CAN ,1973,M
116,Metro Aberdeen  ,GBR ,1985,M
117,Trailmarket Racing Team  ,ITA ,1969,M
118,Clermont Sport Endurance  ,FRA ,1969,M
119,Adelaide Harries  ,AUS ,1962,M
120,Cape Town  ,RSA ,1989,F
121,Mandelieu La Napoule  ,FRA ,1979,M
122,Paris  ,FRA ,1985,M
123,Sabadell  ,ESP ,1981,M
124,Team Trace de Trail  ,FRA ,1977,M
125,the North Face  ,JPN ,1968,M
126,Cafe Mama Same  ,ESP ,1973,M
127,Team Vibram  ,RUS ,1983,F
128,Lahti  ,FIN ,1981,M
129,Martinez  ,USA ,1985,M
130,Plemy  ,FRA ,1979,M
131,LOS Machaca Piedras  ,ESP ,1974,M
132,Asptt  ,FRA ,1990,M
133,Hasselby  ,POL ,1980,M
134,Salomon Russia  ,RUS ,1983,M
135,Clube Aventura da Madeira  ,POR ,1967,M
136,Auburn California Ultr...  ,USA ,1965,M
137,Siechnice  ,POL ,1986,M
138,Le Pont  ,FRA ,1977,M
139,Vitoria-Gasteiz  ,ESP ,1991,M
140,Intersport-Salomon  ,FRA ,1972,M
141,A PY Training / Uglow  ,FRA ,1993,M
142,Mornington Chasers  ,GBR ,1981,M
143,CO SUD Essonne  ,FRA ,1969,M
144,Team Vibram  ,FRA ,1979,F
145,London  ,GBR ,1984,M
146,Apexsports  ,HKG ,1989,M
147,Clermont Sport Endurance  ,FRA ,1970,F
148,Nast - Nucleo Associat...  ,POR ,1981,M
149,Bucuresti  ,ROU ,1975,M
150,Oyak Maden Metalurji  ,TUR ,1979,M
151,Lonesone Runners  ,SWE ,1976,M
152,Oetwil an der Limmat  ,SUI ,1985,M
153,New York  ,USA ,1988,M
154,Artabros  ,ESP ,1972,M
155,Melbourne  ,AUS ,1986,F
156,Runboys!Rungirls!  ,JPN ,1979,M
157,Engadine Nsw  ,AUS ,1972,M
158,London  ,GBR ,1985,M
159,EA Tain Tournon  ,FRA ,1973,M
160,S/L EA Tain Tournon  ,FRA ,1983,M
161,Grande Motte Triathlon  ,FRA ,1976,M
162,Ussa Sete  ,FRA ,1971,M
163,G.P. Avis Malavicina  ,ITA ,1989,M
164,Hoka Team Suisse  ,SUI ,1983,M
165,Haut-Jura SKI  ,FRA ,1979,M
166,Salomon  ,SWE ,1981,F
167,Johannesberg  ,RSA ,1976,M
168,Asics - CA Balma  ,FRA ,1982,F
169,Harzer Ultra Running Team  ,GER ,1962,M
170,ASD Atina Trail Running  ,ITA ,1977,M
171,Rtn30  ,FRA ,1969,M
172,Adamarante Trail Running  ,POR ,1987,M
173,Team Pleszew  ,POL ,1979,M
174,Aiiiiiiiadelante Team  ,ESP ,1958,M
175,Gallarate  ,ITA ,1974,M
176,Mynydd DU  ,GBR ,1981,M
177,Paredes Aventura  ,POR ,1979,M
178,Southsea  ,GBR ,1983,M
179,Chesieres  ,GBR ,1980,M
180,Belfort  ,FRA ,1988,M
181,Mures  ,FRA ,1974,M
182,EDV - Viana Trail  ,POR ,1972,F
183,Jianchi  ,CHN ,1977,M
184,Team Trail Running Sto...  ,FRA ,1983,M
185,Nike  ,USA ,1979,F
186,Kokkola  ,FIN ,1984,M
187,Arenthon  ,FRA ,1989,M
188,Assa Unnormaltrail  ,FRA ,1978,M
189,COS 360º Official Team  ,ESP ,1986,M
190,Montpalau Team  ,ESP ,1995,M
191,A.D. Sinfronteras  ,ESP ,1969,M
192,Chongqing  ,CHN ,1979,F
193,Les Déserts  ,FRA ,1988,M
194,West Coast Ultra Runners  ,FIN ,1977,M
195,Bern  ,SUI ,1983,M
196,UA Societe Generale  ,FRA ,1977,M
197,Saint-Marcellin  ,FRA ,1981,M
198,Mogu Dugo  ,CRO ,1965,M
199,Arch  ,BEL ,1976,M
200,Vienna  ,AUT ,1987,M
201,Columbia Montrail  ,CZE ,1993,M
202,Nanto (Vi)  ,ITA ,1979,F
203,St Finbarrs  ,IRL ,1980,M
204,C.D.M.E. Trail Villena  ,ESP ,1976,M
205,Mkrc  ,GBR ,1966,M
205,Rocky Mountain House  ,CAN ,1984,M
207,The Peak  ,USA ,1966,M
208,Kathmandu  ,GBR ,1978,M
209,Oloron Ô Béarn Sport N...  ,FRA ,1985,M
210,Pellissier Sport  ,SUI ,1989,M
211,Spuc Lasterka  ,FRA ,1967,M
212,Saleve Trail  ,FRA ,1984,M
213,Raidlight Enkaitai  ,JPN ,1971,F
214,Nice  ,FRA ,1989,M
215,Nens DEL Vendrell  ,ESP ,1986,M
216,Club Atletic Torello  ,ESP ,1983,M
217,Tokyo  ,JPN ,1969,M
218,Safran  ,FRA ,1978,M
219,Club Muntanya At-Zenet  ,ESP ,1974,F
220,Cape Town  ,RSA ,1985,M
221,B-Cat High Altitude Tr...  ,NED ,1974,M
222,Lyon  ,FRA ,1970,M
223,Oddil2015  ,CZE ,1967,M
224,Honomara  ,JPN ,1993,M
225,Yokohama  ,JPN ,1983,M
226,Clermont Ferrand  ,FRA ,1992,M
227,Orcières  ,FRA ,1983,M
228,MUR I Castell-Tuga  ,ESP ,1970,M
229,CAF Saint Etienne  ,FRA ,1987,M
230,LOS Hurones  ,ESP ,1973,M
231,Club Atletismo Onda  ,ESP ,1978,M
232,頭份夜跑團  ,TPE ,1977,M
233,Hokaoneone Thailand  ,THA ,1989,M
234,UA Societe Generale  ,FRA ,1986,M
235,Chatillon Le Duc  ,FRA ,1983,M
236,Chalons En Champagne  ,FRA ,1980,M
237,Villaz  ,FRA ,1974,M
238,Polizia Locale VDA  ,ITA ,1971,M
239,Camelbak Outdoor Sports  ,BRA ,1974,M
240,STS  ,JPN ,1979,M
241,Søborg  ,DEN ,1981,M
242,Akersberga Spring  ,SWE ,1978,M
243,AFT Comodoro  ,ARG ,1986,M
244,Vhso  ,FRA ,1986,M
245,Enskede  ,SWE ,1967,M
246,les Voisins Traileurs ...  ,FRA ,1980,M
247,Gang  ,BEL ,1993,M
248,Accrorun Villepreux  ,FRA ,1975,M
249,Vigatanes de Trail  ,FRA ,1982,M
250,Avoc  ,FRA ,1991,M
251,Gruffy  ,FRA ,1985,M
252,Podistica Torino  ,ITA ,1972,F
253,Manuel Iradier M. T.  ,ESP ,1980,M
254,CM Gasteiz  ,ESP ,1977,M
255,Columbia Hong Kong  ,HKG ,1974,F
256,Singapore  ,FRA ,1980,M
257,Kozel  ,BUL ,1985,M
258,Bgsa  ,FRA ,1971,M
259,Aztrail/Mercentro  ,POR ,1971,M
260,Ftrc  ,JPN ,1983,M
261,Serpentine  ,GBR ,1984,M
262,S/L Athletic Club Herb...  ,FRA ,1988,M
262,Surf  ,USA ,1978,M
264,"Atsugi,Kanagawa  ",JPN ,1980,M
265,Loray  ,FRA ,1972,M
266,Marignier  ,FRA ,1958,M
267,Tokyo  ,JPN ,1973,M
268,Powersports  ,JPN ,1963,M
269,Team100Mile  ,JPN ,1972,M
270,Val Susa Running Team  ,FRA ,1974,M
271,Sockertoppen IF  ,SWE ,1976,M
272,SRT  ,FRA ,1975,M
273,Vexin Sur Epte  ,FRA ,1977,M
274,Antibes  ,FRA ,1980,M
275,UA Societe Generale  ,FRA ,1983,M
276,G.M.Margallo Trail  ,ESP ,1979,M
277,Cire-D'Aunis  ,FRA ,1987,M
278,Gravity Running Experi...  ,FRA ,1978,M
279,Rtfamily  ,FRA ,1969,M
280,Mont-Sur-Rolle  ,FRA ,1976,M
281,UCD Room 22 Runners  ,IRL ,1967,M
282,Annecy  ,FRA ,1984,M
283,"Neuchatel, Suisse  ",SUI ,1980,M
284,Mitanski  ,POL ,1993,M
285,Acbb  ,FRA ,1975,M
286,Ekonom Praha Outdoor  ,CZE ,1986,M
287,AS Liebherr  ,FRA ,1988,M
288,Adrap  ,POR ,1985,M
289,Saint Paul  ,FRA ,1976,M
290,Castries Running Club  ,FRA ,1979,M
291,Eygalieres  ,FRA ,1968,M
292,Victoria  ,CAN ,1988,M
293,Run N Trail  ,FRA ,1986,M
294,Run N Trail  ,FRA ,1986,M
295,"Hachiouji, Tokyo  ",JPN ,1967,M
296,Seattle  ,USA ,1969,M
297,St Pierre En Faucigny  ,FRA ,1982,M
298,VSK Noskrien  ,LAT ,1987,M
299,Phoenix  ,USA ,1982,M
300,Trept  ,FRA ,1984,F
301,Kikourou  ,FRA ,1975,M
302,Hood River  ,USA ,1973,M
303,Annonay  ,FRA ,1967,M
304,the North Face  ,JPN ,1969,M
305,Rillieux La Pape  ,FRA ,1982,M
306,SKY Blazers  ,NOR ,1979,M
307,Chur  ,SUI ,1980,F
308,Running Heroes Russia  ,RUS ,1975,M
309,Pyllon Racing  ,GBR ,1988,M
310,P.D.F.Trail  ,CHN ,1979,M
311,Versailles  ,FRA ,1987,M
312,Patagonia  ,CHN ,1990,M
313,Roseville  ,USA ,1972,M
314,Sallanches  ,FRA ,1985,M
315,SIM Summit  ,POR ,1980,M
316,Freerun 86 Ultramicale  ,FRA ,1974,M
317,Valverde Del Majano  ,ESP ,1961,M
318,Runningconseils  ,GUA ,1964,M
319,Beaumont-La-Ronce  ,FRA ,1981,M
320,St-Mathias Sur Richelieu  ,CAN ,1970,M
321,Club Atletistmo Cuarte  ,ESP ,1978,M
322,Santa Cruz  ,USA ,1984,M
323,Team Easyway Endurance...  ,FRA ,1971,F
324,Annecy  ,FRA ,1989,M
325,Fitfirst  ,CAN ,1978,M
326,Ultimate Direction  ,BLR ,1987,M
327,Salomon  ,CHN ,1988,M
328,HAY Pumas  ,BRA ,1973,M
329,Trail du Barlatay.CH  ,SUI ,1981,M
330,Owairaka  ,NZL ,1978,M
331,Saint Etienne De Cuines  ,FRA ,1980,M
332,Goring Road Runners  ,GBR ,1972,M
333,Dürrholz  ,GER ,1970,M
334,Vila Do Conde  ,POR ,1974,M
335,Cogny  ,FRA ,1988,M
336,Wapaventura  ,ESP ,1967,M
337,Escuela DEL Corredor P...  ,ESP ,1972,M
338,Toac Triathlon  ,FRA ,1977,M
339,Endurance Shop Renault...  ,FRA ,1983,M
340,Basel  ,CZE ,1983,M
341,Singapore  ,SGP ,1976,M
342,"Thomas &Amp, Friend  ",HKG ,1976,M
343,Lisy Pustyni  ,POL ,1977,M
344,Begach  ,BUL ,1980,F
345,Sheung Shui  ,HKG ,1987,M
346,Beijing  ,CHN ,1967,M
347,Salomon  ,CHN ,1982,F
348,Aucamville  ,FRA ,1981,M
349,東京都 八王子市  ,JPN ,1976,M
350,Póvoa De Varzim  ,POR ,1978,M
351,Libertyville Running Club  ,USA ,1982,M
351,Melleville  ,FRA ,1975,M
353,Choëx  ,SUI ,1987,M
354,Botswana Desert Runner  ,GER ,1979,M
355,St Clement De Riviere  ,FRA ,1952,M
356,Singapore  ,INA ,1982,M
357,Uspalaiseau Triathlon  ,FRA ,1983,M
358,Surtauville  ,FRA ,1982,M
359,Dassault Sports Suresnes  ,FRA ,1976,M
360,Bagneux  ,FRA ,1974,M
361,Nepal Trails Runners  ,NEP ,1979,M
362,Running Concept/ Arel ...  ,BEL ,1986,M
363,Bonellien  ,FRA ,1976,M
364,Blagnac SC  ,FRA ,1962,M
365,Hoka ONE ONE  ,HKG ,1983,F
366,Saint Benoit  ,FRA ,1977,M
367,Yoko Kirolak Trail Taldea  ,ESP ,1981,M
368,Uscn Athletisme  ,FRA ,1979,M
369,Chamonix Mont-Blanc Ma...  ,FRA ,1994,M
370,Yssac La Tourette  ,FRA ,1991,M
371,Biella Running  ,ITA ,1976,M
372,Mannedorf  ,SUI ,1978,M
373,Team Saro  ,FRA ,1971,M
374,Kampamento Base  ,ESP ,1972,M
375,Marseille Trail Club  ,FRA ,1971,M
376,Frösön  ,SWE ,1975,M
377,Cabw  ,BEL ,1971,M
378,Les Vérines  ,SUI ,1976,M
379,Cassano D’Adda  ,ITA ,1987,M
380,Murs Erigne  ,FRA ,1977,M
381,St Austell Running Club  ,GBR ,1971,M
382,Mills River  ,USA ,1977,M
383,Knob Joggers  ,USA ,1981,M
384,Turbo  ,BEL ,1966,M
385,Érd  ,HUN ,1970,M
386,Singapore  ,AUS ,1975,M
387,Leopodistica  ,ITA ,1973,M
388,La Bresse  ,FRA ,1983,M
389,Team Trail Thuir  ,FRA ,1974,M
390,Paris  ,ITA ,1983,M
391,Montreal  ,CAN ,1979,M
392,Yanez Runners  ,ESP ,1981,M
393,Ribarroja  ,ESP ,1975,M
394,Sion  ,SUI ,1974,M
395,Belfort  ,FRA ,1988,M
396,Sadroc  ,FRA ,1983,M
397,Ascot  ,GBR ,1977,M
398,Guethary  ,FRA ,1972,M
399,Katco Runs  ,FRA ,1980,M
400,Hercog Running Team  ,POL ,1983,M
401,les Trotteurs du Pinail  ,FRA ,1975,M
402,Runnea.com  ,ESP ,1975,M
403,Rruns  ,RUS ,1987,M
404,Columbia Spain  ,ESP ,1974,F
405,Cherasco  ,ITA ,1978,M
406,Mountain Fuel  ,GBR ,1984,M
407,Asptt Besancon  ,FRA ,1973,M
408,Family Extreme  ,POL ,1981,M
409,Club Atletisme Dianium  ,ESP ,1976,F
410,Coach Running  ,BEL ,1969,M
411,Canberra  ,AUS ,1972,M
412,Lestrem  ,FRA ,1980,M
413,Accrorun  ,FRA ,1971,M
414,Team Pharma Escarene  ,FRA ,1989,M
415,Clube Atletismo Fafe  ,POR ,1978,M
416,Anould  ,FRA ,1980,M
417,Zortzietakoak  ,ESP ,1975,M
418,Jinan  ,CHN ,1974,F
419,天通中苑11号楼6单元601  ,CHN ,1985,M
420,Archamps  ,FRA ,1976,M
421,JC Portois  ,FRA ,1964,M
422,Ona Wv  ,USA ,1976,M
423,Saleve Trail  ,FRA ,1963,M
424,Mercia Fell Runners  ,GBR ,1979,M
425,Adidas Terrex COL  ,COL ,1978,F
426,Policia Local de Elche  ,ESP ,1979,M
427,AIX Athle Provence  ,FRA ,1972,M
428,AIX Athle Provence  ,FRA ,1980,M
429,Annecy-Le-Vieux  ,FRA ,1989,M
430,LOS Pelendones /// Rok...  ,ESP ,1977,M
431,Kraków  ,POL ,1975,M
432,Valencia  ,ESP ,1983,M
433,"Team Rush/Hino Motors,...  ",JPN ,1982,M
434,Passpartout Trailer du...  ,FRA ,1970,M
435,Geneve  ,FRA ,1975,M
436,TT Szczecin  ,POL ,1977,M
437,Hill Hunter Rhein-Main  ,GER ,1966,M
438,Lyon  ,FRA ,1979,M
439,Club Triatlon Coruna  ,ESP ,1970,M
440,Fusion Trail Team  ,DEN ,1975,M
441,Niigata-Shi  ,JPN ,1969,M
442,Columbia Thailand  ,THA ,1974,M
443,"Rando-Trail &Amp, Nature  ",MRI ,1981,M
444,Pena Guara  ,ESP ,1957,M
445,Clube de Montanha do F...  ,POR ,1972,M
446,Wespseistark  ,GER ,1979,M
447,Gondomar  ,POR ,1973,M
448,Cani Gonfi  ,ITA ,1972,M
448,Dragonero - Trail for Fun  ,ITA ,1980,M
450,Tuxedoteam  ,SUI ,1979,M
451,Paris  ,FRA ,1979,M
452,les Loups  ,FRA ,1974,M
453,Izturība  ,LAT ,1974,M
454,Avitrail Deportes Alfonso  ,ESP ,1974,M
455,Mentrida IN Bike  ,ESP ,1977,M
456,Avitrail Deportes Alfonso  ,ESP ,1974,M
456,Marseille  ,FRA ,1983,M
458,Tokyo  ,JPN ,1981,M
459,Lliswerry Runners  ,GBR ,1977,M
460,UA Societe Generale  ,FRA ,1964,M
461,Pollionnay  ,FRA ,1984,M
462,Żywiec  ,POL ,1977,M
463,"Madmule Fitness &Amp, ...  ",GBR ,1974,M
464,US Arnage  ,FRA ,1983,M
465,Athle Vosg  ,FRA ,1969,M
466,Koło Biega / Ringing C...  ,POL ,1977,M
467,TSD Gams - Počasni A D...  ,SLO ,1968,M
468,Family Fun Trail  ,FRA ,1973,M
469,Sport Consulting  ,FRA ,1988,M
470,LOS Machaca Piedras  ,ESP ,1978,M
471,Chambery  ,FRA ,1973,M
471,La Motte Servolex  ,FRA ,1971,M
473,Krasnoyarsk  ,RUS ,1985,M
474,Triwawa  ,POL ,1980,M
475,Scuola DI Maratona Vit...  ,ITA ,1972,M
476,Seclin  ,FRA ,1982,M
477,IL Ponte Scandicci  ,ITA ,1977,M
478,Sallanches  ,FRA ,1990,M
479,Uevic  ,ESP ,1979,M
480,Kaluga  ,RUS ,1985,M
480,Scott Costa Rica  ,CRC ,1977,M
482,UAC Morestel /Terre de...  ,FRA ,1973,M
483,JC Portois  ,FRA ,1991,M
484,EA Chambery  ,FRA ,1982,M
485,London  ,GER ,1980,M
486,La Balme De Sillingy  ,FRA ,1985,M
487,Aere  ,FRA ,1981,M
488,Cormeilles En Parisis  ,FRA ,1971,M
489,Cafes Toscaf Gmea  ,ESP ,1982,M
490,Team Run.BO  ,TUR ,1974,F
491,Cafes Toscaf Gmea  ,ESP ,1979,M
492,Ivancna Gorica  ,SLO ,1962,M
493,Gailurra Mendi Taldea  ,ESP ,1980,M
494,Ironteam Sweden  ,SWE ,1980,M
495,Arka Gdynia  ,POL ,1982,M
495,Muay Running Team  ,POL ,1986,M
497,CRU Chapellois  ,FRA ,1972,M
498,Ajdovscina  ,SLO ,1978,M
499,Saint Alban Leysse  ,FRA ,1990,M
500,Valmorel Trail  ,FRA ,1976,M
501,Kalenji Team  ,FRA ,1984,M
502,Avots  ,LAT ,1966,M
503,Intxixu Trail- Girizia...  ,ESP ,1979,M
504,Menorca Trail Club ES ...  ,ESP ,1970,M
505,Team Choki  ,JPN ,1969,M
506,Pewee Team  ,SUI ,1968,M
507,Trefflean  ,FRA ,1968,M
508,Brie Et Angonnes  ,FRA ,1969,M
509,LEZ'Hard Team  ,FRA ,1974,M
510,Surf Coast Trail Runners  ,AUS ,1977,M
511,"Runma Club&Amp,69 Actor  ",CHN ,1978,M
512,West 4 Harriers  ,GBR ,1963,M
513,Bouvigny-Boyeffles  ,FRA ,1975,M
514,Riyadh Road Runners  ,FRA ,1961,M
515,100X100 Animatrail  ,ITA ,1985,M
516,York Acorn Running Club  ,GBR ,1979,M
517,Timisoara  ,ROU ,1982,M
518,Triathlon Bassin Belle...  ,FRA ,1976,M
519,Denizli  ,TUR ,1969,M
520,Erlaitz Mendi Elkartea  ,ESP ,1975,M
521,Smart Runners / Traild...  ,COL ,1981,M
522,Cali  ,COL ,1982,M
523,Bucharest  ,ROU ,1976,M
524,Parkland County  ,CAN ,1979,M
525,Desesperaid Team  ,FRA ,1981,M
526,Sacramento  ,USA ,1974,M
527,Neron  ,FRA ,1975,M
528,Lakeville  ,USA ,1978,M
529,Hallstahammar  ,SWE ,1982,M
530,"Cambridge, Ma  ",USA ,1976,M
531,Revista Trail Running  ,BRA ,1981,M
532,Johannesburg  ,RSA ,1981,M
533,FC Laon Natation  ,FRA ,1979,M
534,Petts Wood Runners  ,USA ,1963,M
535,Stefaniktrail.SK  ,SVK ,1976,M
536,Ambialet  ,FRA ,1974,M
537,Saint-Venant  ,FRA ,1991,M
538,Pena Guara  ,ESP ,1975,M
539,Neukirchen an der Vöckla  ,AUT ,1978,M
540,Sportler Team  ,ITA ,1973,M
541,Paris  ,FRA ,1973,M
542,C.E.Malalts de Turmell  ,ESP ,1977,M
543,JVM Trail Run  ,BRA ,1980,F
544,les 3 Petits Chats  ,FRA ,1987,M
545,Jmr38-L'Envol  ,FRA ,1964,M
546,Paris  ,BEL ,1977,M
547,Architect  ,AUT ,1968,M
548,Corbas Running  ,FRA ,1976,M
549,Ginestas X Trail  ,FRA ,1962,M
550,Team all Walks of Life...  ,PHI ,1989,M
551,Saint Andre De Bage  ,FRA ,1973,M
552,POM'SY  ,FRA ,1982,M
553,Skierniewice  ,POL ,1983,M
554,Saint Savournin  ,FRA ,1975,M
555,Roncade  ,ITA ,1990,M
556,New Territories  ,HKG ,1989,M
557,Onnion  ,FRA ,1972,M
558,Team Inov-8 5TH  ,JPN ,1976,M
559,Imprimetelo  ,ESP ,1974,M
560,Castries Running Club  ,FRA ,1983,M
561,Highland Hill Runners  ,GBR ,1960,M
562,Melun  ,FRA ,1984,M
563,ASC Tournan  ,FRA ,1979,M
564,Nery  ,FRA ,1984,M
565,KB Gepard  ,POL ,1976,M
566,Athle 632 Tournefeuille  ,FRA ,1984,M
567,Runners Team Melilla  ,ESP ,1981,M
568,Tcap  ,FRA ,1977,M
569,Ceven'Trail LE Vigan  ,FRA ,1966,M
570,Frn  ,CZE ,1985,M
571,Niederbronn Les Bains  ,FRA ,1965,M
572,Madrid  ,ESP ,1971,M
573,Amitie Nature Montlucon  ,FRA ,1974,M
574,San Francisco  ,USA ,1979,F
575,Carnegie Harriers  ,GBR ,1976,M
576,Velizy  ,FRA ,1991,M
577,Strasbourg  ,FRA ,1982,M
578,Triatlhete Attitude Vi...  ,FRA ,1971,M
579,Bad Soden am Soden  ,FRA ,1970,M
580,OFF Trail 06  ,FRA ,1986,M
581,Grup Muntanya Monover  ,ESP ,1974,M
582,Denver  ,USA ,1986,M
583,Berlin  ,EGY ,1988,M
584,Base Running  ,ITA ,1978,M
585,Arnhem  ,NED ,1981,M
586,Tinure Dunleer Louth  ,IRL ,1970,M
587,Hachioji Shi  ,JPN ,1977,M
588,Cowes  ,AUS ,1989,M
589,VO2 Trail  ,CAN ,1969,M
590,Chatou  ,FRA ,1972,M
591,Arista  ,ESP ,1969,M
592,Best of SAN Diego 100 ...  ,USA ,1964,M
593,Boulogne Billancourt  ,FRA ,1986,M
594,Clapham Chasers  ,AUS ,1980,M
595,Cordoba  ,ESP ,1973,M
596,Marseille  ,FRA ,1976,M
597,Kingsport  ,USA ,1979,M
598,Gustatrail  ,ARG ,1973,M
599,Club Fronter Trail  ,ESP ,1974,M
600,Julos  ,FRA ,1982,M
601,LA Vara Trail  ,ESP ,1985,M
602,PRO-Forma  ,CAN ,1974,M
603,les Trotteurs du Pinail  ,FRA ,1973,M
604,Club Trail Pirata Jerez  ,ESP ,1970,M
605,Nice  ,FRA ,1984,M
606,Biviers  ,FRA ,1970,M
607,Yanez Runners  ,ESP ,1977,M
608,Columbia  ,CHN ,1986,F
609,Divonne-Les-Bains  ,FRA ,1978,M
610,La Motte Servolex  ,FRA ,1984,M
611,Asptt/Agen Uglow  ,FRA ,1968,M
612,OCS Proaventuras  ,POR ,1969,M
613,Chamonix Mont Blanc Ma...  ,FRA ,1955,M
614,Columbia Russia  ,RUS ,1979,F
615,Castillo Athletic Group  ,ESP ,1982,M
616,Arbe Team  ,SVK ,1978,M
617,Columbia  ,CHN ,1980,F
618,LE Fion on Course  ,FRA ,1973,M
619,Ekeren  ,FRA ,1978,F
620,Magneti Marelli Poland...  ,POL ,1981,M
621,Maligna  ,POL ,1983,M
622,Saint Cloud  ,FRA ,1989,M
623,Dulwich Runners  ,GBR ,1978,M
624,TOS Triathlon  ,FRA ,1986,M
625,Sainte Savine  ,FRA ,1976,M
626,Garraf Runners  ,ESP ,1971,M
627,上海交大安泰户外跑者俱乐部  ,CHN ,1982,M
628,Strasbourg  ,FRA ,1971,M
629,AIX Athle Provence  ,FRA ,1985,M
630,Saint André  ,FRA ,1980,M
631,Gruppo Sportivo Mercuryus  ,ITA ,1975,M
632,Vannes  ,FRA ,1977,M
633,Boucau  ,FRA ,1964,M
634,Dole  ,FRA ,1965,M
635,Vibram  ,CHN ,1990,F
636,Toac Atletisme  ,FRA ,1967,M
637,Airbus Running/Cdltta  ,BEL ,1967,M
638,Columbia  ,CHN ,1978,M
639,Minho Aventura  ,POR ,1980,M
640,Kikourou  ,FRA ,1978,M
641,Running Panda  ,FRA ,1977,M
642,"VSK Burkanciems&Amp,CO  ",LAT ,1987,M
643,Columbia  ,CHN ,1975,M
644,Lapin Duduracell  ,FRA ,1989,F
645,Eply  ,FRA ,1988,M
646,Palmyra  ,GBR ,1976,M
647,the North Face HK  ,HKG ,1991,F
648,Team Fontain Franche C...  ,FRA ,1970,M
649,FUL-On Tri  ,BEL ,1985,M
650,Beijing  ,CHN ,1981,M
651,ASC BNP Paribas Paris  ,FRA ,1980,M
651,ASC BNP Paribas Paris  ,FRA ,1974,M
653,Serpentine RC  ,GBR ,1988,M
654,Beverley  ,GBR ,1994,M
655,Crazy Monkey X TPH  ,HKG ,1985,M
656,Ronda Ghibellina ASD  ,ITA ,1975,M
657,LEI Ultra Trail  ,CHN ,1979,M
658,Tseung Kwan O  ,HKG ,1978,M
659,Plaisir AC  ,GER ,1965,M
660,Dents-DU-Midi  ,SUI ,1974,M
661,Auxerre  ,FRA ,1966,M
662,Claix  ,FRA ,1980,M
663,Hong Kong  ,HKG ,1970,M
664,Traileur Sept-Monts  ,FRA ,1957,M
665,CAP Garonne  ,FRA ,1963,M
666,Casalgrande  ,ITA ,1972,M
667,Endurance Ultrarunning...  ,FIN ,1971,M
668,RIN Teen Team  ,ITA ,1978,M
669,Latrailbu 74  ,FRA ,1981,M
670,Hartfusslertrail e.V.  ,GER ,1977,M
671,Laval  ,CAN ,1987,M
672,Cognin  ,FRA ,1981,M
673,Logandale  ,USA ,1979,M
674,West Lothian  ,GBR ,1973,M
675,Saint Joseph  ,FRA ,1976,M
676,London  ,GBR ,1978,M
677,Rueil Malmaison  ,FRA ,1969,M
678,Athletic Brunoy Club /...  ,FRA ,1977,M
678,S/L Union Club Athletique  ,FRA ,1979,M
680,Paris  ,FRA ,1967,M
681,Leopodistica  ,ITA ,1972,M
682,Niederhergheim  ,FRA ,1978,M
683,Ningbo  ,CHN ,1978,M
684,SRK Alba/Ipa Istra  ,CRO ,1974,F
685,Lymm Runners  ,GBR ,1964,M
686,Team Keshikasu  ,JPN ,1968,M
687,Dumfries Harriers  ,GBR ,1971,M
688,Nurieux  ,FRA ,1979,M
689,Runningway Trail  ,ESP ,1977,M
690,Eskilstuna Trailklubb  ,SWE ,1982,M
691,Eskilstuna Trailklubb  ,SWE ,1967,M
692,A.S.D. Team KM Sport  ,ITA ,1972,M
693,Verona Trail Runners  ,ITA ,1986,M
694,Néant  ,FRA ,1972,M
694,Virginia Happy Trails ...  ,USA ,1979,M
696,La Falda  ,ARG ,1966,M
697,Seoul  ,KOR ,1992,M
698,RMA  ,FRA ,1976,M
699,VIR'King Raid  ,FRA ,1982,M
700,Asptt Argentan  ,FRA ,1976,M
701,Ruse  ,BUL ,1974,M
702,Grenade  ,FRA ,1979,M
703,Gravity  ,FRA ,1971,M
704,Sabores do Paco/Zatope...  ,POR ,1957,M
704,Front Range Cross Country  ,USA ,1985,M
706,Trail Raid Aventure  ,FRA ,1970,M
707,UA Societe Generale  ,FRA ,1982,M
708,Ath  ,BEL ,1978,M
709,Guangzhou  ,CHN ,1970,M
710,Godalming  ,GBR ,1970,M
711,SAC UTO Comp Sport  ,CAN ,1980,M
712,les Tontons Traileurs  ,FRA ,1977,M
713,Runcard  ,ITA ,1977,M
713,Havelblitze  ,GER ,1961,M
715,Faucigny Athletic Club  ,FRA ,1988,M
716,Poligny  ,FRA ,1994,M
717,A.S.D. Runners Team Co...  ,ITA ,1976,M
718,LE Linci Branco Podistico  ,ITA ,1983,M
719,GLI Orsi A.S.D.  ,ITA ,1975,M
720,Genève  ,SUI ,1985,M
721,Sport Consulting  ,FRA ,1993,M
722,S/L Asptt Verdun  ,FRA ,1978,M
723,Hilversum  ,TPE ,1974,M
724,Waben  ,FRA ,1988,M
725,Sant'Agata Sul Santerno  ,ITA ,1975,M
726,San Quirino Pn  ,ITA ,1969,M
727,Royal Wootton Bassett ...  ,GBR ,1972,M
728,Summano Cobras  ,ITA ,1962,M
729,ROC Trail Attitude Tea...  ,FRA ,1970,M
730,VUR  ,AUS ,1983,M
731,Stockholm  ,SWE ,1975,M
732,UA Societe Generale  ,FRA ,1966,M
733,ASL Robertsau  ,FRA ,1978,M
734,Team K3Bs  ,CAN ,1982,M
735,DCR  ,USA ,1972,M
736,Alessandria  ,ITA ,1973,M
737,"Team MUD &Amp, Snow ASD  ",ITA ,1964,M
738,Střítež  ,CZE ,1977,M
739,Menifee  ,USA ,1986,M
740,Kampong Runners  ,SUI ,1979,M
741,Team Rompe Asfalto  ,VEN ,1971,M
742,Chatenay-Malabry  ,FRA ,1973,M
743,Champagne Au Mont D Or  ,FRA ,1977,M
744,Petite Île  ,FRA ,1974,M
744,Dubai  ,FRA ,1977,M
746,Machaca Piedras  ,ESP ,1989,M
747,Red Deer  ,CAN ,1972,M
748,ADN DOS Hermanas  ,ESP ,1973,M
749,Asptt Compiegne  ,FRA ,1970,M
750,Cremorne  ,AUS ,1968,F
751,SV Germania Eicherscheid  ,GER ,1957,F
751,Macon  ,FRA ,1992,M
753,Auburn  ,USA ,1964,M
754,Zapierdalacze  ,POL ,1978,M
755,Zapierdalacze  ,POL ,1980,M
756,Warszawa  ,POL ,1980,M
757,Meximieux  ,FRA ,1973,M
758,Pupilos Trail Team  ,POR ,1962,M
759,Taillefer Trail Team  ,FRA ,1987,M
760,Peypin  ,FRA ,1984,M
761,Santana De Parnaiba  ,BRA ,1973,M
762,St Chamond  ,FRA ,1955,M
763,Warszawa  ,POL ,1974,M
764,Trailer des Aravis  ,FRA ,1981,M
765,MGM/Beast Dogs  ,PHI ,1979,M
766,Hegenheim  ,FRA ,1983,M
767,Waterloo  ,BEL ,1985,M
768,Luboń  ,POL ,1975,M
769,Biscarrosse  ,FRA ,1982,M
770,Run for Fun SK  ,SVK ,1974,M
771,TKB - Trail du Kreiz B...  ,FRA ,1968,M
772,Coureurs D Extreme  ,FRA ,1960,M
773,Aix En Provence  ,FRA ,1978,M
774,Schneider  ,FRA ,1963,M
775,Portland  ,ITA ,1969,M
776,Eindhoven  ,NED ,1978,M
777,Falicountrailplaisir  ,FRA ,1964,F
778,Rouen  ,FRA ,1992,M
779,London  ,GBR ,1987,M
780,Ekip Trail Rodelle  ,FRA ,1967,M
781,Tejn.IF  ,DEN ,1978,F
782,Dommartin Les Remiremont  ,FRA ,1972,M
783,Bierges  ,BEL ,1974,M
784,Szczytniki  ,POL ,1976,M
785,Caluire  ,FRA ,1973,M
786,Ningbo  ,CHN ,1988,M
787,Guiyang  ,CHN ,1981,M
788,Snos SA  ,FRA ,1980,M
789,Rochefort Du Gard  ,FRA ,1980,M
790,A.D. Club Litera Montana  ,ESP ,1979,M
791,CSL Rosny  ,FRA ,1974,M
792,MST  ,AUT ,1963,M
793,Cattolica  ,ITA ,1977,M
794,Hong Kong  ,HKG ,1968,M
795,St Albans Striders  ,GBR ,1970,M
796,Ultramaratonpodkarpack...  ,POL ,1974,F
797,Szczecin  ,POL ,1983,M
798,US Talence  ,FRA ,1971,M
799,Saint Jean D'Aulps  ,FRA ,1972,M
800,Rrrc  ,GBR ,1975,M
801,LE Teil Court  ,FRA ,1974,M
802,Uscn  ,FRA ,1974,M
803,ADN Noyal-Pontivy 56  ,FRA ,1973,M
804,NRG  ,AUS ,1968,M
805,Sisport  ,ITA ,1974,M
806,Team Durus  ,SWE ,1986,M
807,Stockholm  ,SWE ,1989,M
808,Team Durus  ,SWE ,1987,M
809,Stockholm  ,SWE ,1989,M
810,CAF Valence  ,FRA ,1968,M
810,TVA  ,FRA ,1978,M
812,Zadar  ,CRO ,1983,M
813,Charenton Le Pont  ,FRA ,1980,M
814,Angoulins  ,FRA ,1981,M
815,Trento  ,ITA ,1964,M
816,Swindon  ,GBR ,1966,M
817,Paris  ,FRA ,1980,M
818,Janvry  ,FRA ,1991,M
819,Pretoria  ,RSA ,1976,M
820,BE MY Hero!  ,GRE ,1969,M
821,Bouliac SP  ,FRA ,1986,M
822,Nouméa  ,FRA ,1987,M
823,D-Team//Industeam  ,FRA ,1976,M
824,Cap92  ,BEL ,1977,M
825,G. M. Margallo Trail  ,ESP ,1978,M
826,Bratislava  ,SVK ,1978,M
827,Coffeerun SE  ,SRB ,1978,M
828,Onzo  ,ITA ,1980,M
829,Giekerk  ,NED ,1977,M
830,Acportalegre/Utsm  ,ESP ,1973,M
831,Granges  ,SUI ,1980,M
832,Run4Fun Ultra#Marcinsw...  ,POL ,1969,M
833,Vigolzone  ,ITA ,1972,M
834,Lecco  ,ITA ,1970,M
835,APF  ,CYP ,1967,M
836,Runners Team Zane  ,ITA ,1972,M
837,Lotos Running Team  ,POL ,1973,M
838,Saint Jean de Monts Ve...  ,FRA ,1972,M
839,Team Quintero  ,MEX ,1985,M
840,Dalmeny  ,GBR ,1973,M
841,les Chamois du LAC Bleu  ,FRA ,1980,M
842,Hokkaido  ,JPN ,1982,F
843,Barcelona  ,ESP ,1967,M
844,Pontchartrain  ,FRA ,1979,M
845,Buckingham  ,GBR ,1989,M
846,武汉市  ,CHN ,1976,M
847,ONE Season Boot Camp  ,CHN ,1975,M
848,Woolloomooloo  ,MAS ,1985,M
848,Franck  ,ARG ,1984,M
850,"Boulder, Colorado  ",USA ,1975,F
851,Hugo Teixeira PT  ,POR ,1959,M
852,Golden  ,SUI ,1983,F
853,Athle Running  ,FRA ,1965,M
853,Deveron Harriers  ,GBR ,1983,M
855,Verona Trail Runners  ,ITA ,1966,M
856,La Fouillouse  ,FRA ,1976,M
857,Fontenay Sous Bois  ,FRA ,1974,M
857,Varces  ,FRA ,1984,M
859,SIM Summit  ,POR ,1982,M
860,GTT Armazem do Caffe  ,POR ,1978,M
861,Treviglio  ,ITA ,1964,M
862,St Philbert De Grand ...  ,FRA ,1964,M
863,Scap Montelimar  ,FRA ,1973,M
863,Team Trailtitude  ,FRA ,1981,M
865,Valbonne  ,FRA ,1965,M
866,Decines Mezieu Athletisme  ,FRA ,1964,M
867,Heswall  ,GBR ,1974,M
868,Osaka  ,JPN ,1975,F
869,Paris  ,FRA ,1981,M
870,Paris  ,FRA ,1980,M
871,CA Brioude  ,FRA ,1973,M
872,Hong Kong  ,HKG ,1979,M
873,Haute Goulaine  ,FRA ,1983,M
874,Fondistas de Miguelturra  ,ESP ,1960,M
875,Kunming Yunnan  ,CHN ,1981,F
876,les Bronzamis  ,FRA ,1979,M
877,Pasturo Team  ,ITA ,1963,M
878,Romerike Ultraloperklubb  ,NOR ,1976,M
879,CE Ciat  ,FRA ,1959,M
880,UA Societe Generale  ,FRA ,1975,M
880,UA Societe Generale  ,FRA ,1973,M
882,UA Societe Generale  ,FRA ,1983,M
883,"Los Angeles, Ca  ",USA ,1968,M
884,Jerry Garcia Trail  ,ITA ,1965,M
885,Portland  ,USA ,1985,M
886,Rio De Janeiro  ,BRA ,1971,F
887,Club Trail St Gervais ...  ,FRA ,1981,F
888,Mullingar Harriers  ,IRL ,1966,M
889,Jdtc  ,CHN ,1980,M
890,Saint Pierre Ile De L...  ,FRA ,1986,M
891,Hyogo  ,JPN ,1971,M
892,GR Team  ,ARG ,1977,M
892,London  ,GBR ,1985,M
894,92140  ,FRA ,1981,M
895,Aviva Sport Club  ,ESP ,1973,M
896,York  ,GBR ,1981,M
897,Venerque  ,FRA ,1982,M
898,Le Neubourg  ,FRA ,1981,M
899,Sepulveda  ,ESP ,1964,M
900,Hemmingen  ,GER ,1962,F
901,South Molton Strugglers  ,GBR ,1974,M
902,Caes D´Avenida  ,POR ,1964,M
903,Arsm Associacao Recrea...  ,POR ,1977,M
904,Prilep  ,MKD ,1982,F
905,Wind Runners  ,MAS ,1977,M
906,Beijing  ,CHN ,1975,M
907,Team Trail Touraine  ,FRA ,1979,M
908,LA Sportiva  ,USA ,1981,M
909,Kanagawa  ,JPN ,1970,M
910,Beaverton  ,USA ,1980,M
911,Thones  ,FRA ,1979,M
912,Le Mesnil Saint Denis  ,FRA ,1981,M
913,Dibaq  ,ESP ,1979,M
914,Rowery Małgośka  ,POL ,1983,M
915,Smac  ,FRA ,1982,M
916,Dibaq  ,ESP ,1978,M
917,Salta Bartas  ,FRA ,1973,M
918,Kamakura Gachirentai  ,JPN ,1976,F
919,Trail Attitude Famenno...  ,BEL ,1977,M
920,Singapore  ,NED ,1975,M
921,Tokyo  ,JPN ,1976,M
922,Bruxelles  ,BEL ,1974,M
923,Hong Kong  ,FRA ,1973,M
924,"Kamakura-Shi, Kanagawa  ",JPN ,1976,M
925,Biegi W Rogoźniku  ,POL ,1976,M
926,Canet En Roussillon  ,FRA ,1973,F
927,Dali  ,CHN ,1974,M
928,"Bellevue, Wa  ",USA ,1974,M
929,the North Face  ,USA ,1979,M
930,St Theresas AC  ,GBR ,1964,M
931,Hong Kong  ,HKG ,1978,F
932,Ksotaiq  ,JPN ,1982,M
933,Serpentine  ,IRL ,1980,M
934,Club Atletismo Vinalop...  ,ESP ,1977,M
935,Hellerup  ,DEN ,1977,M
936,Žamberk  ,CZE ,1983,M
937,Crit  ,CAN ,1965,M
938,Samedan  ,SUI ,1986,F
939,Nightrunac  ,JPN ,1973,M
940,Trailxtrem  ,ESP ,1975,M
941,AS Lilly  ,FRA ,1974,M
942,Moutiers Sous Chantem...  ,FRA ,1972,M
943,Ravoire  ,SUI ,1986,F
944,Vive la Faiblesse  ,SUI ,1986,M
945,München  ,GER ,1975,M
946,Athens  ,GRE ,1977,M
947,"Yazaki Parts Co.,Ltd.  ",JPN ,1983,M
948,Team Starke Schuhe  ,GER ,1968,M
949,Saint-Pierre  ,FRA ,1989,M
950,Te Atatu Peninsula  ,JPN ,1978,M
951,Kilfinane  ,IRL ,1980,M
952,Dublin  ,IRL ,1979,F
953,Ely  ,GBR ,1983,M
954,Coten'Trail  ,FRA ,1977,M
955,Montpellier  ,FRA ,1985,M
956,Chamonix  ,GBR ,1978,F
957,Athletique Saint Panta...  ,FRA ,1967,M
958,Zuritatrail  ,ESP ,1978,M
959,Tokyo  ,JPN ,1983,M
960,Extreme Family  ,POL ,1975,M
961,Liege  ,BEL ,1973,M
962,Zurich  ,SUI ,1962,M
963,Liege  ,BEL ,1978,M
964,Sofia  ,BUL ,1984,F
965,Praha 10  ,CZE ,1968,M
966,Cessy  ,RSA ,1971,F
967,Sport Étude Morpho  ,FRA ,1980,M
968,Yichun Tiantian Running  ,CHN ,1984,M
969,凯乐石跑山帮/南昌越野  ,CHN ,1973,M
970,Pennington  ,USA ,1975,M
971,Bushido  ,ITA ,1976,M
972,Amcf  ,FRA ,1984,M
973,Niort  ,FRA ,1979,M
974,GLI Orsi  ,ITA ,1965,M
975,Chamonix  ,AUS ,1978,F
976,Overton Harriers  ,GBR ,1980,M
977,Carnaval  ,ITA ,1970,M
978,Snail Crew  ,FRA ,1988,M
979,London  ,GBR ,1965,M
980,London City Athletics ...  ,GBR ,1987,M
981,Illzach  ,FRA ,1980,M
982,Acvss  ,FRA ,1971,M
983,C.E.Deporunners  ,ESP ,1977,M
984,Fontainemelon  ,FRA ,1985,M
985,LG Nord Ultrateam Berlin  ,GER ,1969,F
985,LG Nord Ultrateam Berlin  ,GER ,1978,M
987,Asptt Tri Angers  ,FRA ,1980,M
988,Brain Sur L Authion  ,FRA ,1981,M
989,Aurec Trail/Chukids42  ,FRA ,1966,M
990,Montastruc La Conseil...  ,FRA ,1973,M
991,Fpae  ,BRA ,1972,M
992,"Nashua, Nh  ",USA ,1966,M
993,Bicho do Mato Team Upf...  ,BRA ,1976,M
993,Bicho do Mato Team-Up FIT  ,BRA ,1977,M
995,Asptt Annecy  ,FRA ,1972,M
996,Portet Athletic Club  ,FRA ,1982,M
997,Samoens Trail Team  ,FRA ,1955,M
998,Asics Frontrunner  ,BEL ,1984,M
999,Guerledan Aventures  ,FRA ,1971,M
1000,Wrocław  ,POL ,1974,M
1001,Onigiri  ,HKG ,1983,M
1002,Metz  ,FRA ,1970,M
1003,Skytortues  ,FRA ,1973,M
1004,Tout O Talent Team  ,FRA ,1981,M
1005,Tout O Talent Team  ,FRA ,1984,M
1006,Tassin La Demi Lune  ,FRA ,1971,M
1007,Honfleur  ,FRA ,1972,M
1008,Izturība  ,LAT ,1979,M
1009,Cherrybrook  ,AUS ,1991,M
1010,Sydney Striders  ,AUS ,1985,M
1011,ASD BIO Correndo  ,ITA ,1979,M
1012,Accrorun Villepreux  ,FRA ,1974,M
1012,Accrorun Villepreux  ,FRA ,1970,M
1014,Beauvais  ,FRA ,1979,M
1015,Go!Runners/Outpro Store  ,POR ,1970,M
1016,Prorunning Promotion  ,POL ,1977,M
1017,10Bkpanc Swietoszow  ,POL ,1970,M
1018,Vendasnovas Trail  ,POR ,1969,F
1019,Poznań  ,POL ,1975,M
1020,les Copains D'Abord  ,FRA ,1971,M
1021,5Xm4  ,POL ,1971,M
1022,S/L Stade Nantais AC  ,FRA ,1963,M
1023,Clube de Pracas da Armada  ,POR ,1960,M
1024,Taissy  ,FRA ,1969,M
1025,Placki Team  ,POL ,1985,M
1026,Chamonix SKI Alpinisme  ,FRA ,1983,M
1027,Team Sportenergie  ,SUI ,1975,M
1028,Buckley Runners  ,GBR ,1977,M
1029,Tokyo  ,JPN ,1982,M
1030,Savigny Le Sec  ,FRA ,1976,M
1031,Dijon  ,FRA ,1987,M
1032,Isesaki City  ,JPN ,1965,M
1033,UN Orval M'Attend  ,BEL ,1967,M
1034,Nswib  ,AUS ,1972,F
1035,Club Canicross Vigo  ,ESP ,1981,M
1036,SO Trail Lyon  ,FRA ,1988,M
1037,Zhuhai Guangdong  ,CHN ,1972,M
1038,TRM Team  ,ITA ,1969,M
1039,Pudong  ,CHN ,1988,M
1040,Waterlooville  ,GBR ,1974,F
1041,Avoc  ,FRA ,1963,M
1042,Tritons Meldois  ,FRA ,1974,M
1043,Hone  ,ITA ,1975,M
1044,New York  ,USA ,1977,M
1045,Kharkiv  ,UKR ,1981,M
1046,TC Parioli  ,ITA ,1965,M
1047,Espira De L'Agly  ,FRA ,1974,M
1048,CAP Garonne  ,FRA ,1970,M
1049,CAP Garonne LE Pradet  ,FRA ,1984,M
1050,Loca2  ,POL ,1982,F
1051,ORT Łomianki  ,POL ,1970,M
1052,Biganos  ,FRA ,1982,M
1053,Caravela Trail Running...  ,POR ,1973,M
1054,Nagoya  ,JPN ,1983,M
1055,Tianshan Π  ,CHN ,1971,M
1056,Team Raidlight 44  ,FRA ,1976,M
1057,Morzine  ,FRA ,1984,M
1058,L Etang La Ville  ,FRA ,1969,M
1059,Ovadese Trail Team  ,ITA ,1977,M
1060,Cheiron Montagne Club  ,FRA ,1970,M
1061,Avis Forli  ,ITA ,1962,M
1062,Tokyo  ,JPN ,1972,M
1063,Spuc Lasterka  ,FRA ,1973,M
1064,Team Trail Jura  ,FRA ,1976,M
1065,Finish Line Physical T...  ,USA ,1967,M
1066,Kanagawa  ,JPN ,1984,M
1067,San Juan  ,ARG ,1973,M
1068,Club Manikou Organisat...  ,FRA ,1980,M
1069,Mcbiegacze  ,POL ,1974,M
1070,Taillefer Trail Team  ,FRA ,1960,M
1071,Saintes  ,FRA ,1970,M
1072,Saint Symphorien  ,FRA ,1976,M
1073,Teelakow  ,THA ,1985,M
1074,L’Esty  ,FRA ,1982,M
1075,Davaye  ,FRA ,1980,M
1076,Super Mario Brothers  ,GER ,1982,M
1077,Stratford Upon Avon  ,GBR ,1964,M
1078,Tienda Explorer Vilara...  ,ESP ,1983,M
1079,les Chevaliers du Vent  ,FRA ,1973,F
1080,Sweden Runners  ,SWE ,1972,M
1081,C.D. Triawold Mountain  ,ESP ,1966,M
1082,Crazy Runner  ,FRA ,1973,F
1083,Brizon  ,FRA ,1987,M
1084,Brison  ,FRA ,1987,F
1085,Kikourou  ,FRA ,1970,M
1085,Lindlar  ,GER ,1991,M
1087,Grenoble  ,FRA ,1969,M
1088,Casalgrande  ,ITA ,1972,M
1088,Uscn  ,FRA ,1978,M
1090,Remscheid  ,GER ,1969,M
1091,Soultz Les Bains  ,FRA ,1977,M
1092,Raiders 2000  ,FRA ,1969,M
1093,ATL. Rocca DI Papa - T...  ,ITA ,1976,M
1094,Decathlon Trail Team  ,BEL ,1986,M
1095,Savona  ,ITA ,1985,M
1096,Solidaire EN Peloton  ,ESP ,1970,M
1097,Caen  ,FRA ,1971,M
1098,Team Terre de Running ...  ,FRA ,1990,M
1099,Garden State Track Club  ,JPN ,1960,M
1100,Bangkok  ,THA ,1986,M
1101,Running Panda  ,CHN ,1994,M
1102,Tokyo  ,JPN ,1963,M
1103,Jerry Garcia Trail  ,ITA ,1972,M
1104,BDG Explorer  ,INA ,1990,F
1105,Saitama  ,JPN ,1967,M
1106,Usse  ,FRA ,1974,M
1107,Saint Maur Des Fosses  ,FRA ,1970,M
1108,Przewodnik Beskidzki  ,POL ,1965,M
1109,Sake-Shop Nakayama  ,JPN ,1976,M
1110,Les Granges Narboz  ,FRA ,1971,F
1111,Chermignon  ,SUI ,1969,M
1112,Valognes  ,FRA ,1976,M
1113,Sallanches  ,FRA ,1969,M
1114,Claveisolles  ,FRA ,1976,M
1115,Chicoutimi  ,CAN ,1971,M
1116,Team Magnum  ,JPN ,1959,M
1117,Oota Running Club  ,JPN ,1971,M
1118,Mitoishikawarc  ,JPN ,1967,M
1119,Pan  ,POR ,1977,M
1120,Hong Kong  ,HKG ,1974,M
1121,Cnrunner  ,CHN ,1970,M
1122,Tokyo  ,JPN ,1967,M
1123,Jessen  ,GER ,1970,F
1124,Team Yamazaru Japan  ,JPN ,1960,M
1125,Lessona  ,ITA ,1970,M
1126,Grenoble  ,FRA ,1974,M
1127,Saint Cloud  ,FRA ,1993,M
1128,XVE Athletic Club  ,FRA ,1963,M
1129,Hong Kong Sar  ,HKG ,1976,M
1130,CAF DSA  ,FRA ,1963,M
1131,Atletica Franciacorta  ,ITA ,1982,M
1131,Verneuil Sur Seine  ,BEL ,1966,M
1133,Paris  ,FRA ,1971,M
1134,Grenoble  ,FRA ,1980,M
1135,"702Ho, 103Dong, Hyund...  ",KOR ,1959,M
1136,Thones  ,FRA ,1973,M
1137,Magredi Mountain Trail  ,ITA ,1969,M
1138,Amancey  ,FRA ,1985,M
1139,Hachiouji Tokyo  ,JPN ,1965,M
1140,les Maratouristes  ,FRA ,1968,M
1141,Trakks Ambassador  ,BEL ,1977,M
1142,RCC  ,FRA ,1970,M
1143,Paris  ,FRA ,1984,M
1144,Wasa Trail Runners / T...  ,FIN ,1972,M
1145,Northface Mexico  ,MEX ,1968,M
1146,Winston Salem  ,JPN ,1968,M
1147,Scandicci  ,ITA ,1969,M
1148,IL Ponte Scandicci  ,ITA ,1965,M
1149,V8 4X4  ,BRA ,1971,F
1150,Hong Kong  ,HKG ,1974,F
1151,FAC Figeac  ,BRA ,1966,M
1152,Calgary  ,CAN ,1971,M
1153,Weihai  ,CHN ,1977,F
1154,LOS Correcaminos  ,ARG ,1971,M
1155,Saint Denis De La Réu...  ,FRA ,1960,M
1156,RAC  ,FRA ,1969,M
1157,Sada Montana  ,ESP ,1967,M
1158,Austin  ,USA ,1961,M
1159,the Running Viking  ,DEN ,1964,M
1160,Zeist  ,NED ,1977,M
1161,Singapore  ,JPN ,1977,M
1162,Boulogne  ,FRA ,1984,F
1163,Mondovi'  ,ITA ,1965,M
1164,Club Masques Sant Andreu  ,ESP ,1988,M
1165,Rizal  ,PHI ,1975,M
1166,Towson  ,USA ,1973,F
1167,S/L CA Brive  ,FRA ,1960,M
1168,Lambesc  ,FRA ,1973,M
1169,C.A.Noulas  ,ESP ,1977,M
1170,Stgervais Les Bains  ,FRA ,1966,M
1171,Mbda Sport Athletisme  ,FRA ,1962,M
1172,Noumea  ,FRA ,1982,M
1173,Passpartout Trailers d...  ,FRA ,1989,M
1174,Montpellier  ,GBR ,1972,M
1175,Kassiosdias  ,GRE ,1971,M
1176,Front Runners de Paris  ,FRA ,1984,M
1177,Pomioty Szatana  ,POL ,1983,M
1178,Oytier Saint-Oblas  ,FRA ,1973,M
1179,Clube de Montanha do F...  ,BEL ,1955,M
1180,Terrassa  ,ESP ,1980,M
1181,Geneve  ,BRA ,1985,M
1182,Terrassa  ,ESP ,1977,M
1183,Mairie de Kourou (PM)  ,FRA ,1983,M
1184,FOZ COA Trail  ,POR ,1975,M
1185,Vincennes  ,FRA ,1972,M
1185,les Sangliers du Mardi  ,BEL ,1968,M
1187,Nature High Running  ,POR ,1986,M
1188,Penya Ribes  ,ESP ,1965,M
1189,Harreberg  ,FRA ,1971,M
1190,Kcipt Samobor/Mogu Dugo  ,CRO ,1967,F
1191,Mogu Dugo  ,CRO ,1965,M
1192,Solza  ,ITA ,1969,M
1193,FOZ COA Trail  ,POR ,1973,M
1194,les Chevaliers du Vent  ,FRA ,1963,M
1195,Barcelona  ,ESP ,1958,M
1196,Autun  ,FRA ,1975,M
1197,TRK  ,JPN ,1961,M
1198,Podistica Mezzanese  ,ITA ,1964,F
1199,Suzhou  ,CHN ,1965,M
1200,Ris Orangis  ,FRA ,1985,M
1201,La Clusaz  ,FRA ,1982,M
1202,Correcatagafo  ,ESP ,1983,M
1203,Mercury  ,FRA ,1971,M
1204,Nancy Sur Cluses  ,FRA ,1976,M
1205,Heja Sport  ,SWE ,1973,M
1206,Altra Running  ,USA ,1986,M
1207,Scarpinatori  ,ITA ,1968,M
1208,Cmbm  ,FRA ,1984,F
1209,all Blacks Shizuoka  ,JPN ,1973,M
1210,Acrg  ,CHN ,1981,M
1211,C.E. Llocnou  ,ESP ,1969,M
1212,SV Waldkirch  ,GER ,1958,F
1213,Oakleigh  ,USA ,1987,F
1214,HBS  ,JPN ,1977,M
1215,St SO Court  ,FRA ,1970,M
1216,St SO Court  ,FRA ,1975,M
1217,Wrocław  ,POL ,1988,M
1218,Madrid  ,ESP ,1971,M
1219,Okrokwiecej.PL  ,POL ,1980,M
1219,Loro Parque Fundacion  ,ESP ,,M
1221,Takao Tengu Club  ,JPN ,1972,M
1222,Césarville Dossainville  ,FRA ,1974,M
1223,Genève  ,SUI ,1978,M
1224,Paris  ,FRA ,1971,M
1225,Murello  ,ITA ,1979,M
1226,Lodz  ,POL ,1971,M
1227,Hyogo  ,JPN ,1973,M
1228,A.P.D. Pietro Micca  ,ITA ,1966,M
1229,"4ー1ー17,Shibaharacho  ",JPN ,1962,M
1230,Frodsham  ,GBR ,1962,M
1231,VS Ozoir la Ferriere  ,FRA ,1973,M
1232,Athens  ,GRE ,1969,M
1233,AC Tassin  ,FRA ,1967,M
1233,Geneva  ,GBR ,1982,M
1235,les Foulees Douces  ,FRA ,1974,M
1236,Uglow Ambs  ,FRA ,1982,M
1237,Tiexi County  ,CHN ,1978,M
1238,Aurillac Montagne Esca...  ,FRA ,1968,M
1239,Valsusa Running Team  ,ITA ,1965,M
1239,Montherod  ,FRA ,1964,M
1241,Geneve  ,SUI ,1961,F
1241,Knysna Marathon Club  ,RSA ,1963,F
1243,Oak Park  ,DEN ,1972,M
1244,ZER A.S  ,TUR ,1987,M
1245,Courir EN Pays de Grasse  ,FRA ,1965,M
1246,"Tko, Hong Kong  ",HKG ,1986,M
1247,Avis Forli'  ,ITA ,1958,M
1248,Squamish  ,CAN ,1984,F
1249,Baguio City  ,PHI ,1984,M
1250,Wanbao Rode  ,CHN ,1982,M
1251,Kailas  ,CHN ,1994,M
1252,Shenzhen  ,CHN ,1978,M
1253,Columbia Russia  ,RUS ,1974,M
1254,Madeincelik  ,TUR ,1991,F
1255,GM Orza  ,ESP ,1972,M
1256,Global Runner Face Cute  ,CHN ,1975,M
1257,Les Contamines Montjoie  ,FRA ,1962,M
1258,CSA / Em4Bac Clermont-...  ,FRA ,1964,M
1259,Asptt Compiegne  ,FRA ,1972,M
1260,路上越野  ,CHN ,1979,F
1261,Zenithal  ,ITA ,1975,M
1262,Hasuike58−1  ,JPN ,1983,M
1263,Saint Jean  ,FRA ,1973,M
1264,Team Trail C'Est Dans ...  ,FRA ,1976,M
1265,Saint Drezery  ,FRA ,1981,M
1266,Ayeh Keroh  ,MAS ,1988,M
1267,Ultra Trkac Srbija  ,SRB ,1972,M
1268,AAA Lyon  ,FRA ,1961,M
1269,Eraa  ,FRA ,1974,M
1270,Mures Runners  ,ROU ,1971,M
1271,Chengdu  ,CHN ,1983,F
1272,FTS Race Team  ,GBR ,1973,M
1273,Lyon  ,FRA ,1979,M
1274,Self  ,IND ,1974,M
1275,Stockholm  ,SWE ,1970,M
1276,CAI Chieri  ,ITA ,1967,M
1277,les Saisies  ,FRA ,1981,M
1278,Toronto  ,CAN ,1970,M
1279,Geneva  ,NED ,1983,M
1280,Rohnert Park  ,MEX ,1974,M
1281,Courir A Kerhuon  ,FRA ,1974,F
1282,Obernai  ,FRA ,1989,M
1283,AC Cambrai  ,FRA ,1973,F
1284,大理深度跑团  ,CHN ,1974,M
1285,Athens  ,GRE ,1963,M
1286,Αθήνα  ,GRE ,1972,M
1287,Madrid  ,FRA ,1980,M
1288,Shenzhen  ,CHN ,1986,M
1289,Forli  ,ITA ,1980,M
1290,Wataridori  ,JPN ,1983,M
1291,Tokyo  ,JPN ,1974,M
1292,Lavaur  ,FRA ,1978,M
1293,Petit Couronne  ,FRA ,1979,M
1294,Osu  ,JPN ,1981,M
1295,ASD CAI CIM SAG Trieste  ,ITA ,1974,M
1296,Latour De Carol  ,FRA ,1980,M
1296,CAI CIM SAG Trieste  ,ITA ,1968,M
1298,Boitheux  ,BEL ,1973,F
1298,Lille  ,FRA ,1975,M
1300,Villacidro Triathlon  ,ITA ,1976,M
1301,Trevire Trail Club  ,BEL ,1970,M
1302,España  ,ESP ,1967,M
1303,Running Madhouse  ,HKG ,1970,M
1304,Istanbul  ,TUR ,1969,M
1305,Sisport  ,ITA ,1960,M
1306,JO Traction Internatio...  ,FRA ,1986,M
1307,Ultra.SKY.Trail  ,IRI ,1978,F
1307,les Toutangueules  ,SUI ,1969,M
1309,Nara  ,JPN ,1974,M
1310,Team Raidlight 44  ,FRA ,1968,M
1311,Osaka  ,JPN ,1970,F
1312,Osaka  ,JPN ,1972,M
1313,Milano  ,ITA ,1956,M
1314,Road Runners Club Milano  ,ITA ,1968,M
1315,Singapore  ,SGP ,1973,M
1316,Palleja  ,ESP ,1972,M
1317,Coventry  ,IRL ,1963,M
1318,Manchester  ,GBR ,1983,M
1319,Issy Les Moulineaux  ,FRA ,1992,M
1320,Atletisme Terres de L'...  ,ESP ,1973,M
1321,Almese (To)  ,ITA ,1971,M
1321,Niemo Adventure  ,POL ,1984,M
1323,Tecnirunner  ,NED ,1967,M
1324,Kakarraldo  ,ESP ,1966,M
1325,Canon Club  ,IRL ,1970,M
1326,Kenken  ,JPN ,1967,M
1327,City of Light  ,CHN ,1975,M
1328,Singapore  ,PHI ,1985,M
1329,Raid Aventure Bethoncourt  ,FRA ,1966,M
1330,Suchy Las  ,POL ,1974,M
1331,LC Kapelln  ,AUT ,1981,F
1332,Gostynin  ,POL ,1975,M
1333,Dublin  ,IRL ,1972,M
1334,Whittier  ,USA ,1977,F
1335,Hong Kong  ,HKG ,1971,M
1336,Adidas  ,CHN ,1981,M
1337,Beijing  ,CHN ,1982,M
1338,FA Runners  ,HKG ,1982,M
1339,FA Runners  ,HKG ,1974,M
1339,FA Runners  ,HKG ,1970,M
1341,Oska  ,JPN ,1977,M
1342,Blowater HKG  ,HKG ,1978,M
1343,Hong Kong  ,HKG ,1986,M
1344,Trgv  ,FRA ,1987,M
1345,Calgary  ,CAN ,1981,M
1346,Ftrc  ,JPN ,1969,M
1347,Nanterre  ,FRA ,1975,M
1348,Hautot St Sulpice  ,FRA ,1971,M
1349,EMC  ,CAN ,1973,F
1350,FA Runners  ,HKG ,1973,M
1351,EMC  ,CAN ,1970,M
1352,Tennis Club Parioli  ,ITA ,1967,M
1352,Andrezieux-Boutheon  ,FRA ,1981,M
1354,Puteaux  ,FRA ,1970,M
1355,Saint Leu La Foret  ,FRA ,1973,M
1356,Villeneuve Loubet  ,FRA ,1987,M
1357,AC Pays D'Ancenis  ,FRA ,1984,F
1358,Villefranche  ,FRA ,1970,M
1359,Itra  ,ESP ,1970,M
1360,Gunmaken  ,JPN ,1972,M
1361,Saint Paul Trois Chat...  ,FRA ,1985,F
1362,Hong Kong  ,HKG ,1982,M
1363,Sète  ,ITA ,1975,M
1364,Puerto Madryn  ,ARG ,1978,M
1365,Montpellier  ,FRA ,1975,M
1366,Adventure Running  ,GBR ,1980,M
1367,Lyon  ,FRA ,1984,M
1368,Andresy Athletisme  ,FRA ,1982,F
1369,Acca  ,FRA ,1987,M
1370,A Drop of Life  ,HKG ,1986,F
1371,DUM 雞聯盟  ,HKG ,1970,M
1372,the Peak Hunter  ,HKG ,1987,M
1373,Vedas Endurance  ,FRA ,1962,M
1374,Okayama  ,JPN ,1973,M
1375,S/L US Thann Athletisme  ,FRA ,1972,M
1376,Getafe  ,ESP ,1975,M
1377,LM Endurance  ,FRA ,1973,M
1378,56550 - Locoal Mendon  ,FRA ,1974,M
1379,Nanterre  ,FRA ,1979,M
1380,Issy Les Moulineaux  ,FRA ,1966,M
1381,Kemperle Triathlon  ,FRA ,1982,F
1382,Julbo  ,HUN ,1988,M
1383,"Anyang-Si, Gyeonggi-Do  ",KOR ,1969,F
1384,Saint Gregoire  ,FRA ,1976,M
1385,Goteborg  ,SWE ,1972,M
1386,Guipavas  ,FRA ,1970,M
1387,London  ,AUS ,1978,F
1388,L’Hay Les Roses  ,FRA ,1989,M
1389,Guts Mexico  ,MEX ,1980,F
1390,Bleury  ,FRA ,1959,M
1391,Les Houches  ,FRA ,1977,M
1392,Team Sabotrail  ,FRA ,1977,M
1393,Team Nordic Trail  ,FIN ,1979,F
1394,Vado Ligure Sv  ,ITA ,1960,M
1395,Angers  ,FRA ,1973,M
1396,Deniv  ,FRA ,1982,F
1397,Nice  ,FRA ,1987,M
1398,Delight  ,CHN ,1975,F
1399,Wałbrzych  ,POL ,1970,M
1400,Saint Aubin  ,FRA ,1982,M
1401,Pfinztal  ,GER ,1967,F
1402,Luxembourg  ,FRA ,1979,F
1403,Fize-Fontaine  ,BEL ,1975,M
1404,Trbb  ,FRA ,1969,M
1405,Trbb  ,FRA ,1970,M
1406,West Waterford AC  ,IRL ,1981,M
1407,Trbb  ,FRA ,1970,M
1407,Trbb  ,FRA ,1971,M
1409,Corcy Endurance  ,FRA ,1961,M
1410,San Jose  ,USA ,1974,M
1411,Le Grau Du Roi  ,FRA ,1968,F
1412,Trail Running Brescia  ,ITA ,1982,M
1413,Runner'S High Club  ,USA ,1974,M
1414,Warrior Fitness Penang  ,MAS ,1974,M
1415,Quezon City  ,PHI ,1973,M
1416,Boulogne  ,JPN ,1971,M
1417,Team Tuche  ,FRA ,1969,M
1418,Faux Fresnay  ,FRA ,1972,M
1419,Bry Sur Marne  ,FRA ,1971,M
1420,Kikourou  ,FRA ,1970,M
1421,Andover  ,GBR ,1977,M
1422,Metz  ,FRA ,1967,M
1423,Fontoy  ,FRA ,1970,M
1424,Budapest  ,HUN ,1978,M
1425,Hong Kong  ,HKG ,1986,M
1426,Cellettes  ,FRA ,1968,M
1427,Valley Striders  ,NOR ,1973,M
1428,Tiantai  ,CHN ,1975,M
1429,CPG  ,FRA ,1966,M
1430,Saitama  ,JPN ,1973,F
1431,Run TO the Moon  ,JPN ,1968,M
1432,Pacemakers Malaysia  ,MAS ,1976,M
1433,庄内ゆるラン  ,JPN ,1977,M
1434,Master Novara  ,ITA ,1969,M
1435,Stockport Tri  ,GBR ,1974,M
1436,"Tokyo,Japan  ",JPN ,1975,M
1437,Szczecin  ,POL ,1976,M
1438,Grupo Senderista Prisma  ,ESP ,1987,F
1439,Desafío Running Mostoles  ,ESP ,1980,M
1440,CAP Bugey  ,FRA ,1977,M
1441,01.10.1955  ,FRA ,1972,M
1442,Hougang  ,SGP ,1973,M
1443,Cmbm  ,FRA ,1960,M
1444,Kawasaki Kanagawa  ,JPN ,1972,M
1445,Hong Kong  ,HKG ,1982,M
1446,Boulogne Billancourt  ,FRA ,1982,M
1447,Gesves  ,BEL ,1981,M
1448,Paldove  ,CZE ,1974,M
1449,Tcm62  ,FRA ,1969,M
1450,Taipo  ,HKG ,1975,F
1451,Latour-De-Carol  ,FRA ,1991,M
1452,Morzine  ,FRA ,1980,F
1453,Meyzieu  ,ROU ,1971,M
1454,Caffedelmondo  ,POL ,1979,M
1455,Raace  ,FRA ,1976,M
1456,Le Raincy  ,FRA ,1977,M
1457,Trail Club Saint Gerva...  ,FRA ,1954,M
1458,Cours'Son Nature  ,FRA ,1973,M
1459,"Team MUD &Amp, Snow  ",ITA ,1957,F
1460,Paris  ,USA ,1954,M
1461,Montreal  ,CAN ,1982,F
1462,Upfit/Raiz Trail  ,BRA ,1974,F
1462,Triathlon Castres  ,FRA ,1980,M
1464,Alton  ,GBR ,1981,F
1465,Rosario  ,ARG ,1961,M
1466,Mbda Sport Athletisme  ,FRA ,1971,M
1467,Kolbotn  ,NOR ,1978,M
1468,La Colle Sur Loup  ,GBR ,1973,M
1469,Mouans Sartoux  ,FRA ,1977,M
1470,Tokyo  ,JPN ,1973,F
1471,Leopodistica  ,ITA ,1973,M
1472,St.Pölten  ,AUT ,1968,M
1473,"Barranco, Lima.  ",PER ,1983,M
1474,Domene Athle  ,FRA ,1979,M
1475,Brunoy  ,FRA ,1963,M
1476,Xiaoerhei  ,CHN ,1982,F
1477,Fredericia Lobeklub  ,DEN ,1968,M
1478,les Traileurs de la Po...  ,FRA ,1988,M
1479,"Woodbridge, Virginia  ",USA ,1967,M
1480,Agnetz  ,FRA ,1979,M
1481,Teamcosto  ,FRA ,1965,M
1482,Croco  ,FRA ,1966,F
1483,Beijing  ,CHN ,1974,M
1484,Road Runners Club Milano  ,ITA ,1960,M
1485,Team Marguareis/Roata-...  ,ITA ,1968,M
1486,British RED Cross  ,HKG ,1970,M
1487,Puchong  ,MAS ,1988,M
1488,Athle55 - Kalenji Team  ,FRA ,1971,F
1489,FRE DO  ,AUT ,1968,M
1490,Lemon Team  ,POL ,1984,M
1491,Les Martres De Veyre  ,FRA ,1978,M
1492,Gulouqu  ,CHN ,1972,M
1493,Hong Kong  ,HKG ,1974,M
1494,Trail Bogarra  ,ESP ,1983,M
1495,TSF Tuttlingen  ,GER ,1975,M
1496,Alessandria  ,ITA ,1985,F
1497,Bar  ,MNE ,1967,F
1498,DE Kade Beweegt!  ,NED ,1967,M
1499,U-Track  ,NED ,1963,M
1500,EAA Foulee D Annemasse  ,FRA ,1968,M
1501,Ahiru Club  ,JPN ,1973,M
1502,Kikourou  ,FRA ,1972,M
1503,IL Ponte Scandicci ASD  ,ITA ,1964,M
1504,Berlin  ,GER ,1966,M
1505,Foothill Ranch  ,INA ,1980,F
1506,Caudan  ,FRA ,1985,M
1507,Atsugi-Shi  ,JPN ,1958,M
1508,Olimpico Vianense Trail  ,POR ,1977,M
1509,Gost  ,FRA ,1972,M
1510,Singapore  ,MAS ,1996,M
1511,Pretoria  ,RSA ,1981,M
1512,Saint-Légier  ,SUI ,1974,M
1513,Snls44  ,FRA ,1979,M
1514,Chm400Club  ,CHN ,1982,M
1515,Katowice  ,POL ,1978,M
1516,Sallanches  ,FRA ,1974,M
1517,Sova Run Brno  ,CZE ,1974,M
1518,Chiba-Ken  ,JPN ,1964,M
1519,Sparda Team Rechbergha...  ,GER ,1962,M
1520,Shanghai  ,CHN ,1971,M
1521,Bucharest  ,KOR ,1971,M
1522,Singapore  ,SGP ,1968,M
1523,Caphg  ,FRA ,1962,M
1524,Chiba-Ken  ,JPN ,1972,F
1525,Paris  ,POR ,1959,F
1526,Nevers Triathlon  ,FRA ,1969,M
1527,Equator Runner  ,CHN ,1980,M
1528,"Osaka,Japan  ",JPN ,1977,F
1529,Dongguan Triathlon Spo...  ,CHN ,1976,M
1530,山城越野  ,CHN ,1970,M
1531,Hong Kong  ,HKG ,1969,M
1532,Steyning  ,GBR ,1957,M
1533,ENT'Raid 49  ,FRA ,1972,M
1534,Team Basekamp  ,PHI ,1977,M
1535,Rennes  ,FRA ,1983,M
1536,Bali Trail Runners  ,INA ,1964,F
1537,Guangzhou  ,CHN ,1983,M
1538,Aberdeen Hash House Ha...  ,GBR ,1984,M
1539,London  ,GBR ,1990,F
1540,Team Parismarathon / A...  ,JPN ,1971,M
1541,Crazy Trailers  ,FRA ,1966,M
1542,Amagney  ,FRA ,1974,M
1543,Uscs Bouffons  ,FRA ,1974,M
1544,Spheniscus  ,FRA ,1977,M
1545,Sportream  ,ARG ,1982,M
1546,Compressport  ,FRA ,1980,M
1547,Bangkok  ,THA ,1973,M
1548,Hong Kong  ,JPN ,1967,F
1549,Matsuyama City  ,JPN ,1961,M
1550,RCB  ,BEL ,1972,M
1551,Hong Kong  ,HKG ,1985,M
1552,FA Runners  ,HKG ,1979,M
1553,King Hang Hiking Club  ,HKG ,1959,M
1554,Angers  ,FRA ,1969,M
1555,Escuela de Running CEM  ,ESP ,1978,M
1556,Puteaux  ,FRA ,1964,M
1557,Atletica Winner Foligno  ,ITA ,1980,M
1558,PÉ NO Monte  ,POR ,1977,M
1559,Team Konkol  ,GER ,1978,M
1560,Usmm  ,FRA ,1967,M
1561,Club Manikou Organisat...  ,FRA ,1980,M
1562,,ALB ,1993,F
1563,Figeac Athlétisme Club  ,FRA ,1976,M
1564,Trtc  ,BEL ,1968,M
1565,Airbus Running  ,FRA ,1964,M
1566,,FRA ,1979,M
1567,,HKG ,1992,M
1568,the Peak Hunter  ,HKG ,1987,M
1569,S/L Club Athletic Moosch  ,FRA ,1989,F
1570,,USA ,1972,M
1571,Samurai Japan  ,JPN ,1973,M
1572,Athlé 632  ,FRA ,1977,M
1573,Club Alpí Palamós  ,ESP ,1977,M
1574,,CAN ,1981,M
1575,,FRA ,1973,M
1576,Profreezethailand  ,THA ,1984,M
1577,,USA ,1970,M
1578,Kinkazan NO Tanuki  ,JPN ,1985,M
1579,,NED ,1985,M
1580,Venice Avengers  ,THA ,1981,M
1581,,FRA ,1978,M
1582,,FRA ,1971,M
1583,,FRA ,1977,M
1584,,JPN ,1971,M
1585,Running MAD House  ,HKG ,1978,M
1586,,CAN ,1970,M
1587,Lyon Ultra Run  ,FRA ,1979,M
1588,Pelissier Sport  ,SUI ,1975,M
1589,,FRA ,1978,M
1590,Never Quit  ,SUI ,1974,M
1591,Ogose Guruguru  ,JPN ,1973,M
1592,,DEN ,1997,M
1593,Bukidnon  ,PHI ,1978,M
1594,Carroñeros  ,MEX ,1970,M
1595,U.S.F Triathlon Fonten...  ,FRA ,1973,M
1596,Whittle FIT / Summit F...  ,GBR ,1981,M
1597,JNT  ,JPN ,1975,M
1598,A.S.D. Verona Trail Ru...  ,ITA ,1967,M
1599,VTR  ,ITA ,1972,M
1600,Devínske Snežienky  ,SVK ,1987,M
1601,I Run With Leiva  ,ESP ,1971,M
1602,Houyhnhnm Running Club  ,JPN ,1977,M
1603,USM Gagny  ,FRA ,1961,M
1604,,MAR ,1977,F
1605,Magredi Mountain Trail  ,ITA ,1969,M
1606,,FRA ,1984,M
1607,LG Ultralauf  ,GER ,1964,M
1608,Bracknell Forest Runners  ,GBR ,1978,M
1609,Team Bertagne  ,FRA ,1984,F
1610,Aucun / Aucune  ,FRA ,1983,M
1611,LE Traileurflageotin  ,FRA ,1965,M
1612,Pontault AAC  ,FRA ,1982,F
1613,Running Conseil  ,FRA ,1963,M
1614,Team Davao Runners  ,PHI ,1975,M
1615,,FRA ,1983,F
1616,,POR ,1978,M
1617,,AUS ,1961,M
1618,Bangkok Runners  ,USA ,1977,F
1619,,AUS ,1988,F
1620,,POL ,1990,M
1621,,ITA ,1976,M
1622,,FRA ,1959,M
1623,,IRL ,1972,M
1624,,GBR ,1959,M
1625,Team Caballo Blanco  ,FRA ,1968,M
1626,Team A+/TDD  ,BEL ,1984,M
1627,,HKG ,1987,M
1628,,FRA ,1966,M
1629,BBA Trail Club  ,FRA ,1975,M
1630,,MEX ,1982,M
1631,,BEL ,1983,M
1632,,AUS ,1976,M
1633,,BEL ,1984,M
1634,,NED ,1986,M
1635,Tyco Group  ,THA ,1987,M
1636,Foulée Salonaise  ,FRA ,1989,M
1637,Trail Club Saint Gerva...  ,FRA ,1969,M
1638,Mangmao  ,THA ,1981,M
1639,,ITA ,1977,M
1640,,ITA ,1975,M
1641,,HKG ,1987,M
1642,Goen-NO-KAI  ,JPN ,1970,M
1643,CM Trail  ,BRA ,1979,M
1644,,SUI ,1959,F
1645,,JPN ,1983,M
1646,,THA ,1978,F
1647,Iomare Martillo / Run ...  ,JPN ,1976,M
1648,,POR ,1980,M
1649,,USA ,1957,M
1650,LE Confit Club  ,FRA ,1970,M
1651,,FRA ,1969,M
1652,,JPN ,1967,M
1653,Buena Vibra  ,PER ,1967,M
1654,Smut-Sunday Morning Ul...  ,IND ,1986,M
1655,팀코리아  ,KOR ,1960,M
1656,,KOR ,1972,F
1657,,FRA ,1983,M
1658,,HKG ,1980,M
1659,,HKG ,,M
1660,,CAN ,1977,M
1661,A.D.S. Marciacaratesi  ,ITA ,1982,M
1662,Trailway  ,THA ,1985,M
1663,Osaka Kyoiku University  ,JPN ,1976,M
1664,Trailway  ,THA ,1988,F
1665,Alzaia Naviglio Runners  ,ITA ,1988,M
1666,EL Padre  ,FRA ,1966,M
1667,,SUI ,1969,F
1668,,FRA ,1971,M
1669,,SUI ,1973,M
1670,,MAS ,1971,M
1671,Adfraa  ,AUS ,1985,M
1672,Equipe Sprot  ,AUT ,1971,M
1673,Dadou Cyclotourisme  ,FRA ,1981,M
1674,,HKG ,1984,M
1675,,AUS ,1974,M
1676,All4Run Košice  ,SVK ,1977,M
1677,Taverna Ninos  ,GRE ,1972,M
1678,,JPN ,1975,M
1679,ASD Space Running  ,ITA ,1982,M
1680,Amici DEL Mombarone  ,ITA ,1968,M
1681,,NED ,1969,F
1682,Running Doctors  ,KOR ,1992,M
1683,,KOR ,1963,M
1684,Lobo Solitário  ,POR ,1976,M
1685,Faithwalkers  ,HKG ,1985,F
1686,Faithwalkers  ,HKG ,1980,F
1687,Valley Striders AC  ,GBR ,1975,M
1688,,ITA ,1972,M
1689,,JPN ,1972,M
1690,Senja Sportsklubb Norway  ,NOR ,1972,M
1691,,SUI ,1968,M
1692,MrR  ,OMA ,1959,M
1693,,FRA ,1980,M
1694,Jernbrukets Ultra  ,SWE ,1981,M
1695,,FRA ,1973,M
1696,,SUI ,1979,M
1697,Hiroo DAD Running Club  ,JPN ,1964,M
1698,PE NO Monte  ,POR ,1977,M
1699,,JPN ,1978,F
1700,Banda DEI Malandrini ASD  ,ITA ,1967,M
1701,,ARG ,1976,M
1702,,FRA ,1970,M
1703,Ultrachaskis  ,PER ,1962,M
1704,Champ-REN  ,JPN ,1967,F
1705,Faithwalkers  ,HKG ,1979,M
1706,,JPN ,1979,F
1707,,FRA ,1994,F
1708,Rambouillet Sports  ,FRA ,1974,M
1709,,NZL ,1996,M
1710,Victoria Park Harriers...  ,GBR ,1966,F
1711,Team Bussy  ,FRA ,1977,M
1712,,ROU ,1979,M
1713,,HKG ,1993,M
1714,the Pengana Club  ,AUS ,1970,F
1715,,JPN ,1973,M
1716,,FRA ,1981,M
1717,,FRA ,1981,M
1718,,FRA ,1969,M
1719,Grup Esportiu Espalmador  ,ESP ,1979,M
1719,Prospect Park Track Club  ,USA ,1982,M
1719,C.E. Espalmador  ,ESP ,1973,M
1722,Mang-MAO  ,THA ,1975,M
1723,,FRA ,1973,M
1724,Running Panda  ,FRA ,1962,M
1725,Pickering Running Club...  ,GBR ,1981,F
1726,EA Cergy Pontoise Athl...  ,FRA ,1969,M
1727,Vesoul Marathon  ,FRA ,1973,M
1728,,ITA ,1976,M
1729,Team BDT  ,FRA ,1991,M
1730,BS Tamashii  ,JPN ,1975,M
1731,,FIN ,1975,M
1732,,FRA ,1982,M
1733,C.E. la Pobla Trail  ,ESP ,1976,M
1734,,GBR ,1971,M
1735,,THA ,1971,M
1736,,HKG ,1969,M
1737,,CHN ,1987,F
1738,,ARG ,1961,M
1739,Faithwalkers  ,HKG ,1977,M
1740,,MAS ,1978,M
1741,,FRA ,1971,M
1742,CAP Vercors  ,FRA ,1973,F
1743,Courir À Kervignac  ,FRA ,1970,M
1744,Courir À Kervignac  ,FRA ,1973,M
1745,,FRA ,1967,M
1746,Ultraindigne  ,SUI ,1974,M
1747,,CHN ,1973,F
1748,,THA ,1978,M
1749,Correrayuda  ,ARG ,1971,M
1750,,BEL ,1984,M
1751,,HKG ,1973,M
1752,,BRN ,1992,F
1753,,FRA ,1973,M
1754,Cmbm  ,FRA ,1976,M
1755,,AUS ,1962,M
1756,Mont Blanc Assessoria ...  ,BRA ,1977,F
1757,,FRA ,1965,M
1758,Hoka Thailand  ,THA ,1971,M
1759,LA Foulee de Greasque  ,FRA ,1971,F
1760,Corio Trail Running Team  ,ITA ,1985,M
1761,Oxygene68  ,FRA ,1978,M
1762,London  ,FRA ,1982,M
1763,Concord  ,CAN ,1961,F
1764,Ncurc  ,JPN ,1982,M
1765,LAC Blanc SKI Nordique  ,FRA ,1970,M
1766,London  ,GBR ,1974,M
1767,Dream Team  ,FRA ,1982,M
1767,PDC  ,COL ,1981,M
1769,Segeltorp  ,SWE ,1979,F
1770,Clermont-Ferrand  ,FRA ,1968,F
1771,Inzynier.EU  ,POL ,1967,M
1772,Shizuoka-City  ,JPN ,1973,M
1773,Pour Mamie <3 France A...  ,FRA ,1988,M
1774,Nerima Olc/Ultra PJ  ,JPN ,1962,M
1775,Alessandria  ,ITA ,1985,F
1776,Scuola DI Maratona Vit...  ,ITA ,1962,M
1777,Tokyo  ,JPN ,1971,F
1778,Paris  ,FRA ,1986,M
1779,Seogwipo Jeju Island  ,KOR ,1973,M
1780,SRD 315 Sjeverozapad  ,CRO ,1982,M
1781,Hyougo  ,JPN ,1976,M
1782,Courir A Vezin  ,FRA ,1963,M
1783,Courir et Sourire/Terr...  ,FRA ,1977,F
1784,Vincennes  ,FRA ,1980,M
1785,Carnouette  ,FRA ,1972,M
1786,Otopeni  ,ROU ,1981,M
1787,Bucharest  ,ROU ,1983,F
1788,NTP-Sasebo  ,JPN ,1967,M
1789,LDA-RC  ,JPN ,1969,M
